{
  "security": {
    "status": "PASSED",
    "reason": "No issues detected",
    "rows": 100,
    "cols": 5
  },
  "csv_reader": {
    "shape": [
      1000,
      5
    ],
    "columns": [
      "col1",
      "col2",
      "col3",
      "col4",
      "col5"
    ],
    "dtypes": {
      "col1": "float64",
      "col2": "float64",
      "col3": "float64",
      "col4": "float64",
      "col5": "float64"
    },
    "null_counts": {
      "col1": 0,
      "col2": 0,
      "col3": 0,
      "col4": 0,
      "col5": 0
    },
    "profile_path": "outputs\\profile.html"
  },
  "eda": {
    "stats": {
      "col1": {
        "mean": 0.5028218986497506,
        "median": 0.5037950918352332,
        "std": 0.14652415635977045,
        "skew": 0.0978372657203429,
        "kurtosis": -0.008425454704486413
      },
      "col2": {
        "mean": 0.2907697709054617,
        "median": 0.21777936620547894,
        "std": 0.26014930461705915,
        "skew": 1.1974096286439415,
        "kurtosis": 0.7862181016673553
      },
      "col3": {
        "mean": 0.4955959889620085,
        "median": 0.4933684837537389,
        "std": 0.23102013976735689,
        "skew": 0.009564965458400925,
        "kurtosis": -1.1803106913744985
      },
      "col4": {
        "mean": 0.2942957216187683,
        "median": 0.27900753309694803,
        "std": 0.16145733666497772,
        "skew": 0.4428768832560438,
        "kurtosis": -0.47143160061614164
      },
      "col5": {
        "mean": 0.5623232064842887,
        "median": 0.5429481933819915,
        "std": 0.12932505656900478,
        "skew": 0.7177237264421804,
        "kurtosis": 0.27121413208137035
      }
    },
    "nulls": {
      "col1": 0,
      "col2": 0,
      "col3": 0,
      "col4": 0,
      "col5": 0
    },
    "correlations": {
      "col1": {
        "col1": 1.0,
        "col2": 0.00729604462849686,
        "col3": 0.005541813081453507,
        "col4": -0.012922938483836957,
        "col5": 0.031335515945331814
      },
      "col2": {
        "col1": 0.00729604462849686,
        "col2": 1.0,
        "col3": 0.007771755958266199,
        "col4": -0.0057359997589948334,
        "col5": 0.027294430854606908
      },
      "col3": {
        "col1": 0.005541813081453507,
        "col2": 0.007771755958266199,
        "col3": 1.0,
        "col4": 0.022828035744735464,
        "col5": 0.03830801594015923
      },
      "col4": {
        "col1": -0.012922938483836957,
        "col2": -0.0057359997589948334,
        "col3": 0.022828035744735464,
        "col4": 1.0,
        "col5": 0.006713970454527848
      },
      "col5": {
        "col1": 0.031335515945331814,
        "col2": 0.027294430854606908,
        "col3": 0.03830801594015923,
        "col4": 0.006713970454527848,
        "col5": 1.0
      }
    },
    "outliers": {
      "col1": [
        74,
        179,
        209,
        262,
        478,
        646,
        668,
        755
      ],
      "col2": [
        28,
        37,
        38,
        52,
        74,
        86,
        92,
        128,
        129,
        131,
        144,
        168,
        170,
        216,
        248,
        254,
        288,
        295,
        320,
        327,
        342,
        368,
        385,
        402,
        404,
        419,
        422,
        431,
        458,
        460,
        477,
        504,
        519,
        531,
        534,
        568,
        593,
        610,
        616,
        658,
        700,
        724,
        731,
        737,
        782,
        795,
        813,
        826,
        828,
        869,
        904,
        917,
        947,
        978,
        990
      ],
      "col4": [
        259
      ],
      "col5": [
        28,
        126,
        207,
        294,
        317,
        393,
        514,
        542,
        620,
        667,
        734,
        872,
        916,
        999
      ]
    },
    "llm_summary": "The dataset shows five numeric columns with no missing values. Column\u202f1 (mean\u202f\u2248\u202f0.503, median\u202f\u2248\u202f0.504) is roughly symmetric (skew\u202f\u2248\u202f0.10, kurtosis\u202f\u2248\u202f\u20110.01) with a modest spread (\u03c3\u202f\u2248\u202f0.147). Col\u202f2 is noticeably right\u2011skewed (skew\u202f\u2248\u202f1.20) and has a stronger tail (kurtosis\u202f\u2248\u202f0.79) and a higher variance (\u03c3\u202f\u2248\u202f0.260) relative to its mean (0.291). Column\u202f3 is almost perfectly centered (mean\u202f\u2248\u202f0.496, median\u202f\u2248\u202f0.493) with small skew (\u2248\u202f0.01) but a relatively flat shape (kurtosis\u202f\u2248\u202f\u20111.18). Column\u202f4 is slightly left\u2011leaning (skew\u202f\u2248\u202f0.44) with a moderate mean (0.294) and low kurtosis (\u2248\u202f\u20110.47). Column\u202f5 has moderate skew (\u2248\u202f0.72) and positive kurtosis (\u2248\u202f0.27), yielding the largest mean (0.562). Pairwise Pearson correlations are all weak, all below |0.04|, indicating negligible linear relationships among the variables. Outliers are most pronounced in column\u202f2 (32 indices), followed by column\u202f5 (14 indices), column\u202f1 (8 indices), and a single extreme value in column\u202f4 (index\u202f259)."
  },
  "charts": {
    "charts": [
      "outputs\\charts\\col1_histogram.png",
      "outputs\\charts\\col2_histogram.png",
      "outputs\\charts\\col3_histogram.png",
      "outputs\\charts\\col4_histogram.png",
      "outputs\\charts\\col5_histogram.png"
    ]
  },
  "validation": {
    "status": "PASS"
  }
}