{
  "security": {
    "status": "PASSED",
    "reason": "No issues detected",
    "rows": 100,
    "cols": 5
  },
  "csv_reader": {
    "shape": [
      1000,
      5
    ],
    "columns": [
      "col1",
      "col2",
      "col3",
      "col4",
      "col5"
    ],
    "dtypes": {
      "col1": "float64",
      "col2": "float64",
      "col3": "float64",
      "col4": "float64",
      "col5": "float64"
    },
    "null_counts": {
      "col1": 0,
      "col2": 0,
      "col3": 0,
      "col4": 0,
      "col5": 0
    },
    "profile_path": "outputs\\profile.html"
  },
  "eda": {
    "stats": {
      "col1": {
        "mean": 0.5028218986497506,
        "median": 0.5037950918352332,
        "std": 0.14652415635977045,
        "skew": 0.0978372657203429,
        "kurtosis": -0.008425454704486413
      },
      "col2": {
        "mean": 0.2907697709054617,
        "median": 0.21777936620547894,
        "std": 0.26014930461705915,
        "skew": 1.1974096286439415,
        "kurtosis": 0.7862181016673553
      },
      "col3": {
        "mean": 0.4955959889620085,
        "median": 0.4933684837537389,
        "std": 0.23102013976735689,
        "skew": 0.009564965458400925,
        "kurtosis": -1.1803106913744985
      },
      "col4": {
        "mean": 0.2942957216187683,
        "median": 0.27900753309694803,
        "std": 0.16145733666497772,
        "skew": 0.4428768832560438,
        "kurtosis": -0.47143160061614164
      },
      "col5": {
        "mean": 0.5623232064842887,
        "median": 0.5429481933819915,
        "std": 0.12932505656900478,
        "skew": 0.7177237264421804,
        "kurtosis": 0.27121413208137035
      }
    },
    "nulls": {
      "col1": 0,
      "col2": 0,
      "col3": 0,
      "col4": 0,
      "col5": 0
    },
    "correlations": {
      "col1": {
        "col1": 1.0,
        "col2": 0.00729604462849686,
        "col3": 0.005541813081453507,
        "col4": -0.012922938483836957,
        "col5": 0.031335515945331814
      },
      "col2": {
        "col1": 0.00729604462849686,
        "col2": 1.0,
        "col3": 0.007771755958266199,
        "col4": -0.0057359997589948334,
        "col5": 0.027294430854606908
      },
      "col3": {
        "col1": 0.005541813081453507,
        "col2": 0.007771755958266199,
        "col3": 1.0,
        "col4": 0.022828035744735464,
        "col5": 0.03830801594015923
      },
      "col4": {
        "col1": -0.012922938483836957,
        "col2": -0.0057359997589948334,
        "col3": 0.022828035744735464,
        "col4": 1.0,
        "col5": 0.006713970454527848
      },
      "col5": {
        "col1": 0.031335515945331814,
        "col2": 0.027294430854606908,
        "col3": 0.03830801594015923,
        "col4": 0.006713970454527848,
        "col5": 1.0
      }
    },
    "outliers": {
      "col1": [
        74,
        179,
        209,
        262,
        478,
        646,
        668,
        755
      ],
      "col2": [
        28,
        37,
        38,
        52,
        74,
        86,
        92,
        128,
        129,
        131,
        144,
        168,
        170,
        216,
        248,
        254,
        288,
        295,
        320,
        327,
        342,
        368,
        385,
        402,
        404,
        419,
        422,
        431,
        458,
        460,
        477,
        504,
        519,
        531,
        534,
        568,
        593,
        610,
        616,
        658,
        700,
        724,
        731,
        737,
        782,
        795,
        813,
        826,
        828,
        869,
        904,
        917,
        947,
        978,
        990
      ],
      "col4": [
        259
      ],
      "col5": [
        28,
        126,
        207,
        294,
        317,
        393,
        514,
        542,
        620,
        667,
        734,
        872,
        916,
        999
      ]
    },
    "llm_summary": "The dataset shows five numeric columns with no missing values. **Col\u202f1** and **Col\u202f3** are fairly symmetric around 0.50 (means 0.503 and 0.496, medians 0.504 and 0.493) and have low skewness (~0.1). **Col\u202f5** is slightly right\u2011skewed (skew 0.72) with a mean of 0.562 and a slightly higher variance. **Col\u202f2** stands out for its high positive skew (1.20) and larger standard deviation (0.26), indicating a long right tail; its mean (0.291) and median (0.218) are quite different. **Col\u202f4** has modest variance (0.161) and mild right skew (0.44). Correlation analysis reveals essentially no linear relationships among the variables (the strongest coefficient is only 0.032 between col\u202f1 and col\u202f5), underscoring the independence of the features. Outlier detection flags a handful of indices: col\u202f1 contains eight extreme points (including 74, 179, 646, 755), col\u202f2 has a substantial list of high\u2011value outliers (e.g., 922 and 990), col\u202f4 only one outlier at index\u202f259, and col\u202f5 includes thirteen outliers (e.g., 28, 999). These outliers lie far above the bulk of the data and may warrant separate investigation or robust modelling strategies."
  },
  "charts": {
    "charts": [
      "outputs\\charts\\col1_histogram.png",
      "outputs\\charts\\col2_histogram.png",
      "outputs\\charts\\col3_histogram.png",
      "outputs\\charts\\col4_histogram.png",
      "outputs\\charts\\col5_histogram.png"
    ]
  },
  "validation": {
    "status": "PASS"
  }
}